Cleora.Matsuna@test.com,Cleora,Matsuna,m,Cleora.Matsuna,Winterswijk,,,P.O. Box 742, 455 Ac Ave,,G2Y 6E3
Katheleen.Charlesworth@test.com,Katheleen,Charlesworth,w,Katheleen.Charlesworth,Fontanigorda,,,3132 Sem St.,,U10 1IC
Wyatt.Claeys@test.com,Wyatt,Claeys,m,Wyatt.Claeys,Lozzo Atestino,,,544-1205 Amet Avenue,,37083
Julienne.Perrin@test.com,Julienne,Perrin,w,Julienne.Perrin,Lleida,,,Ap #211-2688 Pede, Ave,,19092
Marylynn.Stahr@test.com,Marylynn,Stahr,m,Marylynn.Stahr,Sedgewick,,,778-3824 Sagittis Street,,33125
Pete.Ventimiglia@test.com,Pete,Ventimiglia,w,Pete.Ventimiglia,Somma Lombardo,,,P.O. Box 502, 4862 Erat Ave,,1442TH
Kasi.Rathke@test.com,Kasi,Rathke,m,Kasi.Rathke,Regensburg,,,P.O. Box 104, 2615 Tristique Street,,K9C 4R9
Leonila.Briant@test.com,Leonila,Briant,w,Leonila.Briant,Rajapalaiyam,,,Ap #689-2893 Et St.,,3486
Roscoe.Ostrom@test.com,Roscoe,Ostrom,m,Roscoe.Ostrom,Santa Inês,,,P.O. Box 641, 4461 Magna Rd.,,847959
Nada.Rigo@test.com,Nada,Rigo,w,Nada.Rigo,Sigillo,,,Ap #145-6570 Ac, Av.,,15630
Teofila.Newcomer@test.com,Teofila,Newcomer,m,Teofila.Newcomer,Hénin-Beaumont,,,Ap #679-7128 Aliquam Av.,,36125
Annamarie.Lasala@test.com,Annamarie,Lasala,w,Annamarie.Lasala,Niterói,,,P.O. Box 473, 8391 Est, Rd.,,57617
Sabra.Bonhomme@test.com,Sabra,Bonhomme,m,Sabra.Bonhomme,Pont-de-Loup,,,P.O. Box 507, 3000 Ipsum Street,,43672-982
Bethel.Lorance@test.com,Bethel,Lorance,w,Bethel.Lorance,Ludwigsburg,,,6871 Morbi Ave,,20225
Lauryn.Ganser@test.com,Lauryn,Ganser,m,Lauryn.Ganser,Paisley,,,177-5699 Vestibulum, St.,,659393
Elvera.Swayze@test.com,Elvera,Swayze,w,Elvera.Swayze,Goderich,Austria,,Ap #965-7212 Gravida. Av.,,BC8J 5HW
Edgardo.Charette@test.com,Edgardo,Charette,m,Edgardo.Charette,Beauvais,Taiwan,,P.O. Box 109, 2321 Dignissim Av.,,60413
Claire.Dildine@test.com,Claire,Dildine,w,Claire.Dildine,Llandovery,Mongolia,,Ap #327-2744 In, St.,,7676
Kathy.Exline@test.com,Kathy,Exline,m,Kathy.Exline,Patan,Svalbard and Jan Mayen Islands,,Ap #599-3387 Enim, St.,,20707
Taunya.Kanter@test.com,Taunya,Kanter,w,Taunya.Kanter,Coquitlam,Grenada,,Ap #759-971 Convallis Rd.,,51413
Mariann.Levine@test.com,Mariann,Levine,m,Mariann.Levine,Ophain-Bois-Seigneur-Isaac,Curaçao,,Ap #933-5404 Vitae Av.,,484025
Tasha.Baugher@test.com,Tasha,Baugher,w,Tasha.Baugher,Phoenix,Heard Island and Mcdonald Islands,,2606 Est Rd.,,64842
Jenny.Uresti@test.com,Jenny,Uresti,m,Jenny.Uresti,Medemblik,Somalia,,Ap #948-8644 Luctus Road,,6462
Duncan.Troung@test.com,Duncan,Troung,w,Duncan.Troung,Weert,Mauritius,,568-8373 Lacus Av.,,67260-933
Pat.Vinson@test.com,Pat,Vinson,m,Pat.Vinson,Timkur,Morocco,,Ap #499-8817 Eu Avenue,,6628
Peter.Soliz@test.com,Peter,Soliz,w,Peter.Soliz,Ashburton,Albania,,532-6210 Et Avenue,,41518
Catalina.Morley@test.com,Catalina,Morley,m,Catalina.Morley,Dolcedo,Czech Republic,,P.O. Box 293, 2861 Euismod St.,,J76 7WX
Dianne.Means@test.com,Dianne,Means,w,Dianne.Means,Bear,Zambia,,Ap #318-625 At Rd.,,43244
Maudie.Cribbs@test.com,Maudie,Cribbs,m,Maudie.Cribbs,Foz do Iguaçu,Denmark,,Ap #508-1159 Adipiscing Road,,7256
Ricardo.Bier@test.com,Ricardo,Bier,w,Ricardo.Bier,Chatelineau,Comoros,,195-7736 In Rd.,,97354
Merilyn.Steel@test.com,Merilyn,Steel,m,Merilyn.Steel,Novoli,New Zealand,,796-2150 Sem, Ave,,30019-346
Marion.Iadarola@test.com,Marion,Iadarola,w,Marion.Iadarola,Armadale,Bahamas,,P.O. Box 178, 5543 Ac Rd.,,04952-498
Allyson.Palomo@test.com,Allyson,Palomo,m,Allyson.Palomo,Macduff,Cyprus,,534-2906 Facilisi. St.,,647841
Aletha.Osgood@test.com,Aletha,Osgood,w,Aletha.Osgood,La Hulpe,Austria,,7020 Magna. Avenue,,7481
Joye.Duclos@test.com,Joye,Duclos,m,Joye.Duclos,Smoky Lake,Cyprus,,P.O. Box 239, 1776 Et Ave,,3236SG
Necole.Leonard@test.com,Necole,Leonard,w,Necole.Leonard,Westlock,Northern Mariana Islands,,239-1491 Placerat St.,,765159
Roselle.Guynn@test.com,Roselle,Guynn,m,Roselle.Guynn,Muzaffarpur,Libya,,P.O. Box 385, 6911 Id Street,,36927
Byron.Franko@test.com,Byron,Franko,w,Byron.Franko,Merzig,Germany,,Ap #270-7983 Semper St.,,536545
Christina.Orton@test.com,Christina,Orton,m,Christina.Orton,Catanzaro,Saint Barthélemy,,P.O. Box 389, 6725 Vitae Ave,,65-238
Karla.Mackin@test.com,Karla,Mackin,w,Karla.Mackin,Oelegem,Qatar,,346 Eros. Av.,,212032
Maragret.Archambault@test.com,Maragret,Archambault,m,Maragret.Archambault,Spremberg,Puerto Rico,,4357 Augue St.,,78449-661
Cecilia.Tye@test.com,Cecilia,Tye,w,Cecilia.Tye,Grosseto,Turkmenistan,,Ap #443-5885 Tortor, Road,,24701
Matilde.Groen@test.com,Matilde,Groen,m,Matilde.Groen,Mosciano Sant'Angelo,Norfolk Island,,Ap #496-7996 Nisi St.,,F5 3XS
Neda.Pellegren@test.com,Neda,Pellegren,w,Neda.Pellegren,Les Bons Villers,Laos,,Ap #813-4335 Mauris Rd.,,25065
Zack.Tumlinson@test.com,Zack,Tumlinson,m,Zack.Tumlinson,Horsham,Croatia,,Ap #345-7535 Vitae, Av.,,289317
Tillie.Bagg@test.com,Tillie,Bagg,w,Tillie.Bagg,Dollard-des-Ormeaux,Tanzania,,9802 Nisl St.,,RZ6 7IJ
Rosio.Montesinos@test.com,Rosio,Montesinos,m,Rosio.Montesinos,Mont-Sainte-Genevi?ve,Saint Kitts and Nevis,,145-9843 Sagittis Road,,789172
Brandie.Waage@test.com,Brandie,Waage,w,Brandie.Waage,Paupisi,South Georgia and The South Sandwich Islands,,Ap #818-4651 Vehicula. Rd.,,03-482
Audrea.Fiala@test.com,Audrea,Fiala,m,Audrea.Fiala,Bonnyrigg,Comoros,,Ap #620-3822 Semper. Rd.,,85124
Edith.Dinwiddie@test.com,Edith,Dinwiddie,w,Edith.Dinwiddie,Chemnitz,Brazil,,6753 Sit Street,,9206ZE
